uuid,size,last_modified,status
c1668a81-69cf-436b-7e3f-1c72035b48f0,2113765578,2024-07-15 19:50:34,orphaned
975d4887-abec-49e8-6846-e58a264f29d2,2113765452,2024-07-12 00:07:54,orphaned
8a392291-9d36-451b-6bf2-f6b8798b0374,2113765412,2024-07-12 00:05:13,orphaned
dd1c0d68-aeb2-4cda-7077-02d6dd5dec48,2113763736,2024-07-12 00:36:59,orphaned
e48be5c5-ce33-49d9-5d08-a286e33a60b3,2113760234,2024-07-12 01:32:17,orphaned
903d881e-6a49-49dc-5c8b-3e4a50be8369,2113760205,2024-07-12 00:05:58,orphaned
d9574340-8d60-4e6c-6a19-16c7b9908d09,2113760199,2024-07-12 00:36:12,orphaned
ae30958d-e320-45ad-61e9-78c0cd0ebee3,2113760146,2024-07-12 00:11:59,orphaned
e5a1e101-68b5-40a7-670c-69eda8131add,2113760098,2024-07-12 01:32:33,orphaned
f2edee03-0ed5-4c93-5f8d-3d78f4974a2a,2113760019,2024-07-12 01:35:15,orphaned
36080f62-c23b-46b7-6b5d-21641da4a0ec,2113620996,2024-07-11 23:53:04,orphaned
9a14cf42-fceb-44a1-7a49-d093020ae4f1,2113620996,2024-07-12 00:08:41,orphaned
ac2a62cc-3866-4e41-7118-d4bcbd7cccf6,2113620996,2024-07-15 19:50:19,orphaned
fabf688e-a320-4d42-7961-e5f2b802d1c9,2113620996,2024-07-12 01:36:32,orphaned
14b74e94-b938-4995-7402-9a36ac495458,2113617582,2024-07-11 23:47:25,orphaned
8044d308-04f2-4e8d-7870-9199b3e28b8f,2113617582,2024-07-12 00:03:41,orphaned
999bb42c-e554-459a-6076-f6b14bb7ab6d,2113617582,2024-07-12 00:08:20,orphaned
e42081e1-9102-45af-706b-49426c306b1b,2113617582,2024-07-12 01:32:14,orphaned
ed866471-b6f3-4743-482f-3c6467706f15,2113617582,2024-07-12 01:34:09,orphaned
edd49f5f-076f-4752-54b8-4451aa112482,2113617582,2024-07-12 01:34:09,orphaned
eb2f6930-24c2-4f11-5b2b-b250f43aaee3,2113005453,2024-07-12 01:33:58,orphaned
11414b5d-8a54-43b2-4b99-c4874c229dc3,2113005364,2024-07-11 23:46:39,orphaned
c0daf35d-c262-4a2f-47f5-b8b1024cc679,2113005227,2024-07-12 00:29:35,orphaned
396f0f44-9eca-4557-7f83-9d9cd9455830,2113005091,2024-07-11 23:53:21,orphaned
3eaaa597-e67e-4670-439c-59a84a344078,2112864778,2024-07-11 23:54:23,orphaned
681ae488-38bb-4643-7b08-42ea476dbfd6,2112864778,2024-07-11 23:59:32,orphaned
8ef18150-c78f-4154-7860-55a8a4ee5b30,2112864778,2024-07-12 00:05:39,orphaned
9c3304d9-5a0c-4cf0-58d5-28794817a4ef,2112864778,2024-07-12 00:09:00,orphaned
766bef1b-0ddb-4720-574e-12c2766aa23d,2112778681,2024-07-12 00:02:02,orphaned
6eb2b73e-c98d-4891-7480-6b065953802f,2112771470,2024-07-12 00:00:37,orphaned
030ba24b-6c4b-4568-64bf-f8c1a134106a,2112634643,2024-07-11 23:44:33,orphaned
ab7ce7f1-aa51-40f6-7206-cdb48aec754b,2112627280,2024-07-12 00:11:35,orphaned
a21ba553-ca7b-4684-4d91-5c39e8a61197,2109813394,2024-07-12 00:10:05,orphaned
15e4c05c-7c0e-466a-4395-bf5546457313,2109797627,2024-07-11 23:47:45,orphaned
c82927c8-bfa3-4fbb-5779-84bd2340ad2c,2109797103,2024-07-12 00:30:33,orphaned
324c812a-b6a7-42e0-7abf-dd61b0efa5e2,2109668127,2024-07-11 23:51:50,orphaned
213769a9-9ced-412b-5526-74e150db5873,2109652344,2024-07-11 23:49:24,orphaned
23371c2b-a5b6-485a-407b-9f085d939026,2109652344,2024-07-11 23:49:36,orphaned
25be89b5-d81e-4411-5ba9-b5a61f8f68ed,2109652344,2024-07-11 23:50:41,orphaned
4d282c15-6e87-49d2-6c0a-10e4a308c4aa,2109652344,2024-07-11 23:56:16,orphaned
6bf6d627-ae73-487b-4a27-f9522ccaf986,1851338966,2024-07-12 00:00:19,orphaned
54289907-ee24-44d7-6464-526a47722f97,1851264033,2024-07-11 23:56:58,orphaned
67761437-16ba-487e-4870-39455be6f783,1851234255,2024-07-11 23:59:12,orphaned
e2cf4825-4704-4c38-40aa-d72ed4561df1,1851159592,2024-07-12 01:32:07,orphaned
a1ef00f0-0dc4-4fb8-5ae2-0e51cd05dbf7,1842168595,2024-07-12 00:10:04,orphaned
18ca2a79-cfcd-4290-6b1c-ea339c267a92,1842064318,2024-07-11 23:48:19,orphaned
23da929a-d65a-4788-6ab1-2d63d584793b,1842064318,2024-07-11 23:49:45,orphaned
47b834a3-e455-4ae0-662f-7500d17b5065,1842064318,2024-07-11 23:55:36,orphaned
794ec4ca-08f8-48ae-72fc-516f5d4711d9,1842064318,2024-07-12 00:02:25,orphaned
7ac9d893-d2f8-416a-6f3d-d11980e467e8,1842064318,2024-07-12 00:02:37,orphaned
d9335577-c946-445f-6188-da0869d491ff,1842064318,2024-07-12 00:36:08,orphaned
fa5b86dd-8228-4275-554f-628ad38776e3,1842064318,2024-07-12 01:36:16,orphaned
4738cf0e-746f-41f6-5251-c4ba778dfd7e,1830253093,2024-07-11 23:55:27,orphaned
b2eab819-d359-4abe-674a-ad4cac976838,1830252820,2024-07-12 00:12:53,orphaned
828b034f-e385-41f9-720f-79668a67df48,1830142851,2024-07-12 00:04:18,orphaned
91ccf5bc-c225-4b33-626c-30bab311fdb9,1830142851,2024-07-12 00:07:13,orphaned
327325d7-121d-4d47-47fb-5e8603bac912,1823651786,2024-07-11 23:51:52,orphaned
2df36470-9a9e-4b6b-42a7-92eebfbbd1c4,1823651014,2024-07-11 23:51:26,orphaned
347d59af-a831-4dc4-5dd0-6353adeb69fd,1823650916,2024-07-11 23:52:28,orphaned
90a0c8fa-1ad5-4995-6c70-d5e64cbb0367,1823650914,2024-07-12 00:06:27,orphaned
345e4023-99fc-44bf-5483-bd74c64a5f2c,1823544187,2024-07-11 23:52:05,orphaned
3b0487ae-21bc-491c-4a5c-7bdad2a1731d,1823542656,2024-07-11 23:53:41,orphaned
d02b5c6e-2670-48e8-7f24-0c3f06e47036,1823542656,2024-07-12 00:35:06,orphaned
f6fe1352-1cbf-4d38-7287-5a2cbd2844bb,1823542656,2024-07-12 01:35:57,orphaned
d977e90c-e395-401f-449b-23138f4fb420,1822771300,2024-07-12 00:36:12,orphaned
10baafbe-0fa2-4076-6ab2-9676590a7032,1822663525,2024-07-11 23:46:29,orphaned
7bd44b5c-baf3-4017-6521-a96ff54b120d,1821277131,2024-07-12 00:02:48,orphaned
f42db96d-e17a-4eef-4957-48f44fc58c74,1821183215,2024-07-12 01:35:20,orphaned
44b41fed-d772-4216-4556-1679ef49feb3,1821180355,2024-07-11 23:54:58,orphaned
1ffa625d-d64a-4a04-7f6a-59c043576884,1821180294,2024-07-11 23:49:21,orphaned
669ba2e8-f4d0-4c44-5fc2-bdc6f075a41b,1821170321,2024-07-11 23:59:06,orphaned
bfc084d4-5b79-44f2-4685-92ee257b2a2e,1821075640,2024-07-12 00:14:02,orphaned
bcb00e06-3639-4814-5a8e-122aacaef0ab,1821072562,2024-07-12 00:13:34,orphaned
c4e6ced4-4fe0-4b3d-69d2-3b4ea537b79e,1821072562,2024-07-12 00:30:14,orphaned
e9478ce9-88d6-47b5-66eb-88df401a907d,752181390,2024-07-12 01:33:34,orphaned
5da3f75e-6b69-4492-714b-4d39321e4f58,752181381,2024-07-11 23:58:02,orphaned
ddeeea1f-d7f1-4a0b-68fb-043b084141ba,752178312,2024-07-12 00:37:21,orphaned
3486f203-4956-4dfd-78a4-b8d838525e22,752178310,2024-07-11 23:52:30,orphaned
8e754667-1905-4ca8-5fa1-82328d15c9db,752178310,2024-07-12 00:05:27,orphaned
4797396f-2031-493f-6115-ebeb9fc4fb1d,752178308,2024-07-11 23:55:36,orphaned
5ff5d6d7-91a2-4742-51b7-ae826a674d24,752178303,2024-07-11 23:58:27,orphaned
1b748819-de69-4cfa-43a2-24b33edc1cef,752178301,2024-07-11 23:48:24,orphaned
ecb69f80-6747-44d3-5a9d-9c658292bee0,752178301,2024-07-12 01:34:03,orphaned
b53d7aeb-cfc2-4055-5ddd-d0d295472216,752178299,2024-07-12 00:13:07,orphaned
0150e97a-bd73-4728-6296-bd7f4be0f33f,752104923,2024-07-11 23:44:12,orphaned
90b9891f-eeb6-4ac8-6fa5-22bfe4fc8d39,752104914,2024-07-12 00:06:36,orphaned
e8800707-3730-415d-6d88-366f9145de86,751985092,2024-07-12 01:33:30,orphaned
0172c1ba-19a1-4728-4d5c-80ccb6387167,751985031,2024-07-11 23:44:15,orphaned
e2aa189a-1ac1-44ed-79e3-a632d52e6dc3,751981588,2024-07-12 01:32:06,orphaned
03558f12-537b-4fc8-42de-e65229a76cb6,751981528,2024-07-11 23:44:51,orphaned
0b5a4fbf-1ca3-4ca1-6d26-22c1d436894d,751981448,2024-07-11 23:45:45,orphaned
096ca0dc-c136-4c50-6e91-a9b50bf9ee0c,751981368,2024-07-11 23:45:32,orphaned
0456b301-b4e0-4bd3-6b5d-0d7337ce28a6,751981354,2024-07-11 23:45:06,orphaned
1d0237c5-bbfc-43d0-79f3-ac3dc1581c1d,751981342,2024-07-11 23:48:49,orphaned
41916091-774f-4351-6f40-03f3791fc760,751980548,2024-07-11 23:54:39,orphaned
d7714717-0f4d-42ce-5d95-f7b8bc0a2b6d,751980455,2024-07-12 00:35:57,orphaned
ce8de9df-38c2-47ab-4afd-ca45f3e31d74,751907193,2024-07-12 00:31:50,orphaned
c0f86466-ab40-40d4-612e-56a3af18fa33,751907104,2024-07-12 00:29:37,orphaned
9041f85a-d39b-4507-7c47-3c6e45e66ca4,723458504,2024-07-12 00:06:10,orphaned
976f0b76-8c4f-49e3-63f5-39b464e7d36f,723458504,2024-07-12 00:08:00,orphaned
ee43631c-0347-4461-5595-f939b942969c,723458504,2024-07-15 19:50:47,orphaned
0fd4a32d-8a7f-438d-460d-780e623b9509,723458495,2024-07-11 23:46:22,orphaned
45ceebbe-27de-4c3e-7094-722cfea4f294,723458495,2024-07-15 19:50:09,orphaned
b0716d5c-ac05-43be-7cb8-dd80d3d978a7,723458495,2024-07-12 00:12:11,orphaned
5955fc15-04ca-4064-49cb-b31c106d68ce,723450306,2024-07-11 23:57:38,orphaned
a2a89784-11b6-4467-54c8-563d0693462f,723450297,2024-07-12 00:10:22,orphaned
9594ad09-1ac1-40f1-6ddb-e60ff8f22a74,723257078,2024-07-12 00:07:44,orphaned
aa6207e3-48a8-4827-4930-a473d551bc93,723257037,2024-07-12 00:11:31,orphaned
101dfbc6-b93c-4bbf-7a42-07ecbf92a024,723257032,2024-07-15 19:50:05,orphaned
a5cfed24-e278-4450-7ea7-b4515061f9a2,723256991,2024-07-15 19:50:14,orphaned
38a2ed92-15e6-4c82-71e7-20326a2a4a1c,723256957,2024-07-11 23:53:18,orphaned
f68cb508-f1ba-466a-63f9-d432e779976f,723256929,2024-07-12 01:35:31,orphaned
ffe6fa13-8868-4dd3-5626-0644192990f6,723243280,2024-07-12 01:37:28,orphaned
0a3b6963-a838-46c3-6cbc-98ab9a05f506,723243250,2024-07-11 23:45:35,orphaned
3281f58b-999d-442c-51c6-44f90a427c00,722863691,2024-07-11 23:51:57,orphaned
aa1c30bb-dffe-473b-4552-03d4aadd9099,722863691,2024-07-12 00:11:26,orphaned
cf3df9f8-d58b-432c-68db-94b187c23417,722863691,2024-07-12 00:31:52,orphaned
dc5f28c9-5fca-48cf-57e6-bd759b65c078,722863691,2024-07-12 00:36:39,orphaned
f49aa70a-b734-4dc0-41c0-427702b97c53,722863691,2024-07-12 01:35:27,orphaned
07600c04-555a-413b-7155-f3555f23be64,722863682,2024-07-11 23:45:22,orphaned
61e75d8f-19f6-4e9c-704d-0095bc4543e8,722863682,2024-07-11 23:58:49,orphaned
680d8531-eaa8-4e28-7441-51ceafd26da5,722863682,2024-07-11 23:59:17,orphaned
986cc7ba-60d0-4308-7edc-7852c963bd68,722863682,2024-07-12 00:08:08,orphaned
fc3d7787-3ac5-40fd-5103-ff408ea290a2,722863682,2024-07-12 01:36:40,orphaned
8e030245-12b3-4d12-5c02-120adc155165,722767520,2024-07-12 00:05:26,orphaned
12efb83c-9ac5-4f94-5dd6-2ad52034681e,722767511,2024-07-11 23:46:57,orphaned
53d2c527-1a08-4866-60b7-9aac03ac8536,722760157,2024-07-11 23:56:53,orphaned
fa62371e-6005-48a1-6176-161d766892dd,722760148,2024-07-12 01:36:19,orphaned
ca9ad79e-9836-4b06-6d4c-e75c2233e90c,722756258,2024-07-12 00:31:16,orphaned
b311a202-c8aa-4f04-424b-204cdd100bfa,722756249,2024-07-12 00:12:53,orphaned
b009217a-58e6-4d23-6dc6-3f708448267a,722662672,2024-07-12 00:12:10,orphaned
69780f4b-4e37-40c7-4ff3-ac24ac561970,722662605,2024-07-11 23:59:56,orphaned
60d191f2-da87-4201-4822-c70c6c46a444,722662595,2024-07-11 23:58:28,orphaned
0b6a73e2-08f6-4195-774c-855e7280d124,722662575,2024-07-11 23:45:45,orphaned
ee23e1c1-da54-4b10-71e5-121e7ca89412,722662567,2024-07-12 01:34:34,orphaned
d19cdd06-c1e6-4361-5e37-da091a96ac54,722662526,2024-07-12 00:35:06,orphaned
a3c3e713-af9f-4427-6dff-522bd50e59ef,722662520,2024-07-12 00:10:30,orphaned
303bd249-7a5d-4d95-6f0d-64dc53b81fb3,722662515,2024-07-11 23:51:34,orphaned
d308af7c-2e3c-41df-7ec3-e98b629e0b7d,722662499,2024-07-12 00:35:20,orphaned
fefe701e-d213-48c0-7309-225734fe0f50,722662496,2024-07-12 01:37:09,orphaned
5224f771-6e51-4f02-6b1c-07176fd0d83d,722562680,2024-07-11 23:56:41,orphaned
2a155ffa-e93b-48e1-4e16-10eaab76fa94,722562627,2024-07-11 23:51:02,orphaned
8216e3d2-9997-4235-58d4-d8a35aa71e65,722555690,2024-07-12 00:04:14,orphaned
c9ab808c-3d0c-4c03-5151-ac068ae3c26a,722555659,2024-07-12 00:30:52,orphaned
ed411383-5c6b-4a9c-696a-86838baaa99b,722551204,2024-07-12 01:34:04,orphaned
68092fa4-89cf-46ec-7675-357d4eef7236,722551150,2024-07-11 23:59:15,orphaned
11de430b-73b4-4b94-6899-735ec2a8a9ec,700039468,2024-07-11 23:46:53,orphaned
28f32efc-cd5d-4e11-4196-4dcfc6ad60b0,700039468,2024-07-11 23:50:56,orphaned
6a8810b2-82fa-4fed-6e62-2b2d0307a8ad,700039459,2024-07-12 00:00:10,orphaned
d6542f92-8320-4c73-7342-b66a1bdb8ed0,700039459,2024-07-12 00:35:40,orphaned
2051b6c8-7a8b-499a-5f96-fdc67798b89a,700023685,2024-07-11 23:49:21,orphaned
c4bb8564-10ca-4f80-617d-45cb633e7090,700023676,2024-07-12 00:30:02,orphaned
7495596c-5f10-4a75-756b-91a9f1a3c9d2,699830134,2024-07-12 00:01:41,orphaned
48b8305a-5672-48d9-795a-3a1173da6afe,699830123,2024-07-11 23:55:50,orphaned
a9ed2104-cb62-4550-6477-09d28ab2edf7,699830098,2024-07-12 00:11:22,orphaned
8068d243-7431-4499-798f-8ea451ea1348,699830016,2024-07-12 00:03:45,orphaned
fff0fa6d-ddf6-4b1a-4e0e-b75eef01fda6,699814745,2024-07-12 01:37:37,orphaned
75dad603-5ddd-4137-6f39-c30851724c60,699814736,2024-07-12 00:01:59,orphaned
5b16f6dc-8377-4438-7e12-30f62e2b58c8,699147611,2024-07-11 23:57:50,orphaned
a0860408-a2dc-46e8-51c8-37819da4a8f8,699147611,2024-07-12 00:10:01,orphaned
044baf32-f9c2-4a5d-6ff6-a4c225f68381,699147602,2024-07-11 23:45:00,orphaned
80d7225c-7935-49ca-4c36-dbd404aa768d,699147602,2024-07-12 00:03:47,orphaned
be685b61-830e-4c31-604a-c483f4389791,698941723,2024-07-12 00:13:59,orphaned
68790b2c-1543-4561-77e1-96d8d95fa6c3,698941656,2024-07-11 23:59:42,orphaned
8d6a98e1-4922-40fe-460c-edbb56e7ad8d,698940738,2024-07-12 00:05:25,orphaned
5e094d6b-1071-465e-61a4-9b41be943c6e,698940580,2024-07-11 23:58:12,orphaned
f554de55-6b18-47ce-4b28-7b7d7219f6f4,697017709,2024-07-12 01:35:28,orphaned
7f5fc8eb-3839-4d75-661d-52b0e7519bdf,697017700,2024-07-12 00:03:37,orphaned
1e7b9a89-b618-46a1-733e-bdbd28b7f7fa,696813312,2024-07-11 23:49:02,orphaned
5ce24cf1-5497-4e3e-6f16-11a51c7ca2b7,696813231,2024-07-11 23:58:01,orphaned
c06b2483-27d4-4ecc-53bd-b1313a2d461c,666089073,2024-07-12 00:29:33,orphaned
c5eb3c2a-bd71-49ff-4e90-9b430fec3b40,666089073,2024-07-12 00:30:19,orphaned
1522b773-3b1e-4a59-512b-c3c4b9b7dfa7,666089064,2024-07-11 23:47:34,orphaned
c31126e2-101a-4cff-6f72-4bbf986f9742,666089064,2024-07-12 00:30:01,orphaned
105745bf-0cab-452c-4433-c159c8f5b749,666014410,2024-07-11 23:46:23,orphaned
8fddac41-d748-453c-59ea-a6c8a96ecf52,666014401,2024-07-12 00:05:58,orphaned
cdc376db-f34f-42b2-5200-db871c0aeebe,665888097,2024-07-12 00:31:46,orphaned
9ecd1e80-aad1-479d-4608-84556f06dd81,665888070,2024-07-12 00:09:32,orphaned
04ae1966-0801-4855-4306-4ae21cd57ef8,665888054,2024-07-11 23:45:12,orphaned
3d85a1af-026f-4266-6183-c5ba1f3f2300,665813171,2024-07-11 23:54:09,orphaned
0d332146-391b-4f1a-7f70-a0f19fe4ba7c,665813109,2024-07-11 23:46:11,orphaned
0ca03d64-bb0c-43ea-5c65-68a7723e10f3,665701397,2024-07-11 23:46:00,orphaned
0e834412-b122-49b5-5850-af11226aa2c7,665701397,2024-07-11 23:46:21,orphaned
17835f48-166d-45e2-4cd4-bec1a93cbef3,665701397,2024-07-11 23:47:56,orphaned
5dd807c8-8fb1-4abe-5d61-9203f12dcf9b,665701397,2024-07-11 23:58:06,orphaned
7395d524-f94a-4297-79ee-5e4cda8511d9,665701397,2024-07-12 00:01:35,orphaned
791e9510-8fcc-40cf-7c14-2f1567a28d4b,665701397,2024-07-12 00:02:24,orphaned
82db8e0c-f33b-4ff0-6ac6-a3009faef8c7,665701397,2024-07-12 00:04:18,orphaned
98d43994-8eea-40a3-5b87-040bae53179d,665701397,2024-07-12 00:08:12,orphaned
bd8fa2cd-0b40-4567-4e1d-89c30189963a,665701397,2024-07-12 00:13:37,orphaned
de2bd1eb-c464-4766-7e58-fa2d7ef5bd3d,665701397,2024-07-12 00:37:25,orphaned
e9aac32d-fd99-447c-7482-30217e18aeca,665701397,2024-07-12 01:33:40,orphaned
c96aac18-f1e5-4c6c-609c-fbc0e0a7c1c7,665497944,2024-07-12 00:30:48,orphaned
715968d0-1c01-45c1-433e-31ab3e984108,664264058,2024-07-12 00:01:10,orphaned
24daa3a3-9a3a-4c71-61be-8abb39d17a12,660744301,2024-07-11 23:50:25,orphaned
6c74f8d9-1cbc-44ae-6388-12c79bb5a608,660744301,2024-07-12 00:00:26,orphaned
90c47d32-2b1c-401b-4c28-1e5b2ad5c6a3,660744301,2024-07-12 00:06:43,orphaned
9dc5641c-f69a-4e16-453e-0df753f3c4f4,660744301,2024-07-12 00:09:30,orphaned
cdc0e09c-d19f-4724-79ac-300c6327d717,660744301,2024-07-12 00:31:43,orphaned
ff6bc04d-c3d7-4567-5fb6-852c784ce1af,660744301,2024-07-12 01:37:13,orphaned
54d14722-058d-4039-57c9-1d8f8c789ec9,660535123,2024-07-11 23:57:20,orphaned
d3650567-1189-4782-714c-c32cebf1ef65,655421742,2024-07-12 00:35:34,orphaned
87433813-7f61-45ef-5b43-fced367dac2b,655262792,2024-07-12 00:04:47,orphaned
457eccfe-90cf-489d-5755-37b92dee23a1,655166587,2024-07-11 23:55:05,orphaned
5141b0f4-94d3-47bf-5b81-c2feb924c82b,655166587,2024-07-11 23:56:32,orphaned
57e9435d-3ede-4279-7d78-e73360237ce2,655166587,2024-07-11 23:57:29,orphaned
617122ef-b26a-4078-58b2-1ccf20e4bfe8,655166587,2024-07-11 23:58:36,orphaned
747fa9ae-9bf3-4ed4-4667-b8e77ce97360,655166587,2024-07-12 00:01:39,orphaned
94774fb4-1b45-4cb7-6c32-a8e9143351d2,655166587,2024-07-12 00:07:37,orphaned
a362d045-313e-4b1f-57a6-099a338879fc,655166587,2024-07-12 00:10:25,orphaned
af4a3bb3-628c-42c1-675d-7ea4210c9be1,655166587,2024-07-12 00:12:05,orphaned
be54207d-32a0-450c-6252-42bbc3344cd1,655166587,2024-07-12 00:13:47,orphaned
d276eb23-cf98-4045-6e7a-874b165c958b,655166587,2024-07-12 00:35:09,orphaned
e68073ea-70d7-4ea4-6035-e11b2b5def71,655166587,2024-07-12 01:32:57,orphaned
ffd6e61c-6350-415a-603d-ba50eb689890,655166587,2024-07-12 01:37:16,orphaned
6edc1ad9-8a06-4813-6fae-cecc495df3ab,655112804,2024-07-12 00:00:37,orphaned
760d8448-472e-47a5-751a-0aaf852a856f,655103193,2024-07-12 00:01:59,orphaned
d7a9cb70-27c9-41d1-48ab-e62645d20948,655103193,2024-07-12 00:35:59,orphaned
a52feaf8-235e-42c3-6841-84619af49c02,655011595,2024-07-12 00:10:56,orphaned
6f1e49b4-204c-445c-60df-d3e80a5c68af,655011361,2024-07-12 00:00:55,orphaned
063810c0-72cd-4c5d-6daf-8e2bd2c875a3,655011360,2024-07-11 23:45:14,orphaned
8717fa53-e680-4b28-78e2-867a51ba6cd4,655011328,2024-07-12 00:04:46,orphaned
4646b7be-b2c0-4834-4706-313572f7903c,655011325,2024-07-11 23:55:10,orphaned
833586dd-3fe7-4e0c-5108-623584d3fa6e,655011321,2024-07-12 00:04:20,orphaned
bc4ee139-afa3-448c-74da-f6fe7be6279f,655011257,2024-07-12 00:13:34,orphaned
53e4710a-6e10-4efe-7597-48a202d11ef6,655011253,2024-07-11 23:56:54,orphaned
1c43a751-1efb-4642-6d4e-54ae862ffae5,654941532,2024-07-11 23:48:28,orphaned
244c184d-e595-48d3-5839-38ccb69768c8,654941456,2024-07-11 23:49:45,orphaned
7c76b6ce-d077-47e2-98d7-42841728fcc5,439392855,2024-07-12 00:03:22,orphaned
d362b431-efe8-44a7-bed6-0f7666243f69,439392440,2024-07-12 00:35:33,orphaned
2ab5adc7-0846-4b00-9b29-f5d136ef9b22,439371553,2024-07-11 23:51:13,orphaned
17cb8229-0578-4318-ae98-5cca101304da,439371517,2024-07-11 23:48:11,orphaned
1fc71a2d-9686-4ef1-92fc-a15b2d56440a,411109048,2024-07-11 23:49:13,orphaned
1366bc4c-1fd7-49f5-8ed5-a3f8b80bac49,411095411,2024-07-11 23:47:01,orphaned
397c3446-e8f8-4fbf-8962-51810392d140,411087333,2024-07-11 23:53:24,orphaned
67133eac-3930-428d-876c-5634ad00369a,411071213,2024-07-11 23:59:07,orphaned
924fc664-3982-495a-9b4b-384d6b8dad16,411071193,2024-07-12 00:07:21,orphaned
6b94f422-84bb-4c4a-91cb-dca3b2bca4cc,411059376,2024-07-12 00:00:10,orphaned
3d0992d4-c7c3-48e1-95fe-0b893f85a73f,411045973,2024-07-11 23:53:53,orphaned
e7f2a31b-676e-404f-9dff-1589dbe51352,411037160,2024-07-12 01:33:23,orphaned
1506891e-8fd4-4070-8edb-3097556d964d,411021307,2024-07-11 23:47:28,orphaned
5acc8e7b-143a-497d-a68b-bcdfaa20fe71,411021307,2024-07-11 23:57:43,orphaned
15709d95-6441-4117-88f0-117d3ea167c3,410530438,2024-07-11 23:47:42,orphaned
29c86272-b1a3-4ca8-8234-81699dcba82e,410530437,2024-07-11 23:51:00,orphaned
304db261-7b2e-44df-877e-fe56a7f172a7,410480799,2024-07-11 23:51:39,orphaned
cb876345-10e5-4013-931e-e747235ae983,359383998,2024-07-12 00:31:25,orphaned
f3370288-276e-42d0-9034-1d716541d55e,359277237,2024-07-12 01:35:16,orphaned
9bf0cb9b-3d2d-4f0a-bb8d-f34ac0d31432,357277008,2024-07-12 00:08:59,orphaned
dcf7ca04-fe45-47c3-b6c5-65f0be91332e,357236311,2024-07-12 00:36:44,orphaned
b40653f3-0149-4f7d-b833-785eb33fa765,353393699,2024-07-12 00:12:53,orphaned
940fc5d9-800e-4235-96ef-85df817a253c,353353535,2024-07-12 00:07:32,orphaned
ac2d7abe-45e1-4550-bfaa-2c1a14bf8621,350990378,2024-07-12 00:11:53,orphaned
59b675e0-e4c7-4873-b0eb-2aee53d66f79,350986712,2024-07-11 23:57:38,orphaned
887d9e01-17d1-4dc8-8306-7a7ce5538a2d,350985258,2024-07-12 00:05:04,orphaned
7df4c7b2-fa97-4861-b259-1716cdba6b2e,350984130,2024-07-12 00:03:35,orphaned
282e0f56-f57d-48ec-9204-df6d3b7f95f8,348835807,2024-07-11 23:50:51,orphaned
cb441f29-dbbf-4895-a931-ff5c0c4fc747,348827275,2024-07-12 00:31:22,orphaned
0bd6e936-5aa7-46a3-94b9-d11c479ab376,334577833,2024-07-11 23:45:47,orphaned
2e0540b6-aa34-4fb2-9858-a2b9d909f4b5,334559363,2024-07-11 23:51:29,orphaned
96a85cb6-8df6-4e95-b37f-fa056a329a14,334530717,2024-07-12 00:07:48,orphaned
cdf7c760-1794-44b7-808e-c913e0b8b6e5,334514061,2024-07-12 00:31:47,orphaned
0cab672a-00d1-40fb-a700-a62c1bad4f89,332246560,2024-07-11 23:46:00,orphaned
d04edf44-f3d7-4d27-a014-79ef08469783,332227325,2024-07-12 00:35:06,orphaned
e34c68af-cb83-4ac6-be5c-544388922df6,325519649,2024-07-12 01:32:07,orphaned
cc12cfdd-9d8b-4d64-aa45-eaf3b77bdec9,325519613,2024-07-12 00:31:34,orphaned
11af99bc-1fd4-4d8f-840c-2f37e07e1e40,325501311,2024-07-11 23:46:50,orphaned
cbb90ff7-2d8f-4ca5-ab72-e6673574449c,325501311,2024-07-12 00:31:25,orphaned
04e99f93-c708-41c6-8d3b-f841a165ba80,324513957,2024-07-11 23:45:13,orphaned
b4dd3877-b65c-4801-97a3-1d1d767925d3,324475058,2024-07-12 00:12:59,orphaned
25b1c578-8576-47a7-9536-6134c0938637,323937543,2024-07-11 23:50:33,orphaned
d232990f-b9c3-42d3-8fbc-06e71358a130,323898643,2024-07-12 00:35:08,orphaned
1f115263-7b8b-4c67-a472-f6213b92c7e9,322970469,2024-07-11 23:49:02,orphaned
3a108539-7f0f-47e3-bcf9-4b7a688bf332,322970436,2024-07-11 23:53:41,orphaned
a0602445-0ab4-45a7-97f6-0fdd1b41f199,322953560,2024-07-12 00:09:50,orphaned
88c7e4cf-1cd3-4c83-860c-00ef1830edb4,311248767,2024-07-12 00:05:12,orphaned
c1c9566d-c609-4943-8b9e-dbc78eea6b41,311240994,2024-07-12 00:29:42,orphaned
9c8d1141-73bb-4721-a2d9-31d86d79fba3,311239322,2024-07-12 00:09:14,orphaned
c76257f8-d491-4584-afbc-3490b7aa8d2f,311232371,2024-07-12 00:30:27,orphaned
812531d7-ed2f-4c27-80e2-e693d0163de4,309957408,2024-07-12 00:03:57,orphaned
1d7b39bb-1b47-4458-99c1-16c350b16f05,309948142,2024-07-11 23:48:53,orphaned
72ab8e0f-2565-4488-a22e-eb871312bfc5,293860611,2024-07-12 00:01:31,orphaned
ca24167f-f77e-4169-842e-79a695efe6ef,293851354,2024-07-12 00:31:09,orphaned
0757c00f-dcd0-4af1-9460-4c36495faa55,293826099,2024-07-11 23:45:22,orphaned
cfa74a17-1caf-4e4c-a546-11939d2f18c6,293816963,2024-07-12 00:32:02,orphaned
44c75f5b-fe67-4078-9b7d-68156080c3bc,287682487,2024-07-11 23:55:00,orphaned
d74ca9a2-a3c2-4452-93ac-36eb2212c5c3,287649294,2024-07-12 00:35:50,orphaned
dc301e2e-256b-450e-b7c5-c3fa2188f580,285091749,2024-07-12 00:36:28,orphaned
717bfc09-3b4d-425c-8c97-142318838fe8,285057964,2024-07-12 00:01:21,orphaned
815e7632-b5ed-4516-98a8-1fa16fb34c17,277180400,2024-07-12 00:04:10,orphaned
b2e8234c-cad1-4e74-b212-2949cce78629,277082310,2024-07-12 00:12:44,orphaned
42bf6cf2-f6f2-44e7-8c8c-5a94e3d7ee63,273554407,2024-07-11 23:54:47,orphaned
68d8af76-003c-43f1-96bd-6663e653c547,273523618,2024-07-11 23:59:45,orphaned
08a296e1-e94a-4620-88d8-e697c321eedf,273523575,2024-07-11 23:45:32,orphaned
15610cff-87a1-49fb-b55a-927355254cc6,273516433,2024-07-11 23:47:36,orphaned
a6b35d5b-7eec-4a4e-84c7-065d4cc33201,273516432,2024-07-12 00:11:03,orphaned
b2883473-dab8-4a74-87ce-7648f6220a76,273516420,2024-07-12 00:12:44,orphaned
22162426-d175-4e9a-b867-29ad05d9010a,273491266,2024-07-11 23:49:26,orphaned
78aec95d-6318-44ed-bd1b-e79e5f62dacf,273491266,2024-07-12 00:02:18,orphaned
028881ea-73ec-419f-8668-ce184327201c,273484989,2024-07-11 23:44:16,orphaned
66e812b6-9d5c-45c8-a877-9fb6cb9e8252,273484989,2024-07-11 23:59:06,orphaned
90d2acab-3467-4124-9c68-e661b257d770,269511478,2024-07-12 00:07:11,orphaned
0886012b-b18e-46b7-b2a0-57ccb1d38d90,269479573,2024-07-11 23:45:23,orphaned
772f3fa6-32b9-4491-8a5c-802f326d7f0e,267719337,2024-07-12 00:02:15,orphaned
4e276c54-9c40-4fd8-944d-612ba7e99f8f,267719336,2024-07-11 23:56:19,orphaned
17ff3fe4-a12e-4569-8d12-fd7962c1254b,267718306,2024-07-11 23:48:14,orphaned
62e9daee-67e9-4bca-a5ad-6af9ff21cff3,267718301,2024-07-11 23:58:58,orphaned
13a9484b-6ed9-4d53-bdf8-ae22d228b639,267716020,2024-07-11 23:47:19,orphaned
36557c64-1c91-481a-8217-1b098c3f86d7,267714415,2024-07-11 23:53:07,orphaned
742b31f0-74cb-4a00-8fed-9f1de7b9e8da,267714415,2024-07-12 00:01:36,orphaned
c8987da7-1c14-4021-9f57-23620c94923a,267138759,2024-07-12 00:30:41,orphaned
029efef1-4d09-4f4b-aba4-95289d3f769b,267134556,2024-07-11 23:44:21,orphaned
2f93a5f1-8c8c-4d22-89a8-1a6aaa521ddd,261461620,2024-07-11 23:51:34,orphaned
545c680b-7ba3-4903-b4da-c9adeae1fb6b,261346604,2024-07-11 23:57:18,orphaned
56fcf3a7-6f6f-4c53-87cd-a19b972dee0c,261228676,2024-07-11 23:57:28,orphaned
a9f9e5e1-bd51-4331-87d3-eff860dbd9ee,261228676,2024-07-12 00:11:24,orphaned
c269381a-7f0d-48a6-a8f7-dc6c9ed66abf,261228676,2024-07-12 00:29:53,orphaned
e77ef063-62a0-4334-b710-8936e3b0308d,261117058,2024-07-12 01:33:14,orphaned
573d0b00-b74e-41bb-96e6-8448a5054bf4,261117053,2024-07-11 23:57:28,orphaned
b199479a-de0e-4797-b4ef-1c17652ac81a,261117015,2024-07-12 00:12:34,orphaned
7692f50d-223d-48a0-9bb8-32783f8f179f,256387741,2024-07-12 00:02:05,orphaned
948fc1de-d4d7-4d0c-8031-0f130770e979,256337299,2024-07-12 00:07:40,orphaned
9100719c-ac73-4fdf-a162-18e4cedf7981,256274020,2024-07-12 00:07:11,orphaned
b6b83062-ed82-4d3e-9a0d-8b9a0d437d2c,256223326,2024-07-12 00:13:21,orphaned
061ef9be-7cd3-4032-8b43-c3c60955c140,256031996,2024-07-11 23:45:14,orphaned
9272f377-560c-4652-9198-0b49016bf5a0,255919851,2024-07-12 00:07:21,orphaned
fceefe2b-2b1c-4eca-a00d-076e6983591d,177558541,2024-07-12 01:36:49,orphaned
a85c3c77-1e59-4e51-a094-c83b6f9ce94c,177539232,2024-07-12 00:11:20,orphaned
2bc59428-1c11-483d-8f7c-33b924b970ec,177084124,2024-07-11 23:51:18,orphaned
ac0dba5a-01a6-46fa-8291-d1197683e02e,122938926,2024-07-12 00:11:48,orphaned
5e2f1087-5892-4ae6-89c1-eea6cf0ac56d,115138812,2024-07-11 23:58:18,orphaned
6ccb8e68-253c-429b-9880-9f363f90a2b8,115136743,2024-07-12 00:00:28,orphaned
4b44720a-c2b2-4f6f-95a1-a0987239d629,115021226,2024-07-11 23:56:09,orphaned
7f30ec6c-b362-49bd-bc6c-822d9bf8ef89,115017999,2024-07-12 00:03:35,orphaned
03b42e2e-2fc3-4294-8a42-18fd0baa06b9,114999921,2024-07-11 23:45:06,orphaned
5aea0bb8-2cd7-4217-bd76-465281a4b547,114996784,2024-07-11 23:57:50,orphaned
8897ba24-b348-4f9b-af1b-f9c023715db5,114743057,2024-07-12 00:05:09,orphaned
c0fd6fee-13d6-4851-ade9-d9d08748c408,114743054,2024-07-12 00:29:37,orphaned
2b144c8a-9bcf-4f09-9785-54dacc76f708,114740105,2024-07-11 23:51:13,orphaned
4871de8f-85ce-417c-9bb8-7f98f8d189db,114740105,2024-07-11 23:55:45,orphaned
25138dca-ab34-4646-93fb-923537b7b65b,102413861,2024-07-11 23:50:28,orphaned
25cc6b8e-c44f-4c24-820b-d8bc12d91aab,102388574,2024-07-11 23:50:45,orphaned
e84ac526-bc28-4496-9eaa-6bfaf81a2253,102388573,2024-07-12 01:33:25,orphaned
e95dac83-0247-409f-6271-d87d0fa76fce,83215938,2024-07-12 01:33:38,orphaned
5638e6ee-0732-4851-555e-0a6752e5b9f8,83213651,2024-07-11 23:57:26,orphaned
c9a5387c-2066-44c9-57b3-6463a26e1b18,83005814,2024-07-12 00:30:51,orphaned
145fbdc7-dc57-4fa7-4596-1b243bc51566,83003555,2024-07-11 23:47:20,orphaned
96c4080c-6513-423c-7d1e-c797c2dc5a8b,83003555,2024-07-12 00:07:49,orphaned
9aec2b9d-d043-49d4-a208-c9107fea0e2d,82535952,2024-07-12 00:08:53,orphaned
67756c9f-64dc-43cf-bc9c-095231faf0ed,82531702,2024-07-11 23:59:10,orphaned
2c3c3f09-4b3a-4e5d-9fd0-904dfe9dd12e,82429753,2024-07-11 23:51:18,orphaned
0a1bed83-55d2-40a8-b7b3-5d327a473084,82425357,2024-07-11 23:45:33,orphaned
dd4dc795-b302-4942-b001-c59399cb8783,81816455,2024-07-12 00:37:09,orphaned
88911036-2710-4317-b7b7-87a05c458fd6,81813326,2024-07-12 00:05:06,orphaned
3b7c7297-de51-437f-b180-5d5a1dfdd6c7,81757152,2024-07-11 23:53:46,orphaned
6805b5be-077a-4105-8fb5-a040a79c398b,81753864,2024-07-11 23:59:14,orphaned
1b8df487-6ec2-42b2-b867-8a4a11e28d46,22689936,2024-07-11 23:48:26,orphaned
0e054bc5-227f-49ac-7429-51eb88e7856e,13226323,2024-07-11 23:46:20,orphaned
2d42427a-08d8-4a7a-726a-df0a624b41a9,13226323,2024-07-11 23:51:26,orphaned
776741ad-d726-489c-7133-31d1c80cce8f,11341849,2024-07-12 00:02:15,orphaned
8b90b270-f4e4-4f0f-7f74-5230c872d144,11341849,2024-07-12 00:05:16,orphaned
64c57e1c-3542-481a-454d-a7cccb2cba05,11341847,2024-07-11 23:59:03,orphaned
72b07e94-061a-4114-72fd-4a909d3d7287,9796683,2024-07-12 00:01:33,orphaned
bce88534-c8f8-4256-7c9c-409af34ec0e6,9796683,2024-07-12 00:13:36,orphaned
aa5cfb7d-e2bc-4ca3-4bb1-972432643859,9796682,2024-07-12 00:11:30,orphaned
de48b18f-f5ee-474b-6fe6-ba62d3517d97,9796682,2024-07-12 00:37:34,orphaned
1dabe5c5-93d1-4dde-72ec-dd34721ffafa,9796675,2024-07-11 23:48:57,orphaned
d9bee061-059f-4393-5031-6d7379a1b78b,9796675,2024-07-12 00:36:26,orphaned
bff226ca-663c-4778-411d-619551cbd7f4,9294549,2024-07-12 00:14:05,orphaned
565cd33d-187f-4f47-618b-ae8a5792b8b5,9294548,2024-07-11 23:57:27,orphaned
51e22cf5-9e88-4982-75f6-7813a6ab38a1,9294488,2024-07-11 23:56:41,orphaned
c2342b08-3f00-4a6f-7d42-ba421a010bec,8834035,2025-03-12 19:38:03,orphaned
579b72cc-95b0-4b94-7a10-c4f632975afb,8834028,2025-04-02 16:21:17,orphaned
05ae126f-5e1d-43c7-7ad1-2efb0d6b7661,8325084,2025-04-02 16:21:17,orphaned
d3dc22ca-befb-4bf1-4aae-8434e2bb31ef,8325082,2025-03-12 19:38:03,orphaned
9cfe15f1-9f0b-4238-61bb-3be05eaec59a,7900881,2024-07-11 23:14:32,orphaned
b7d4b1ad-1170-4b73-6c70-ff0ae59b0638,7900881,2024-07-11 23:15:31,orphaned
bd87bdd5-8cd3-4e49-4fe0-d6f304e7bceb,7900881,2024-07-11 23:15:50,orphaned
d303fc77-3088-4dbb-69aa-d842d7982484,7900881,2024-07-11 23:19:55,orphaned
e264ccf7-ab5b-47cc-6f28-4a1f78bc4fd9,7900881,2024-07-11 23:26:01,orphaned
014e31f2-483f-4004-66a8-9cbaadc1a480,7900878,2024-07-11 23:12:20,orphaned
91a514a7-b147-4234-6553-f8398d2df489,7900878,2024-07-11 23:13:53,orphaned
c24178fe-8940-4746-4cfa-8a805b6897c3,7900878,2024-07-11 23:18:36,orphaned
c95c6d8a-acee-40b2-768a-1ced670c9024,7900878,2024-07-11 23:19:02,orphaned
dc33ba6b-3c65-4be0-754c-5f5a0816d8ab,7900878,2024-07-11 23:20:16,orphaned
d980def8-0ff0-4243-7604-6b945bb4b1e3,7801719,2024-07-11 23:20:12,orphaned
f4e772ca-1128-4a20-6e67-c4b504fb8ecd,7801718,2024-07-11 23:26:14,orphaned
fce9d24d-32eb-4fd7-4222-ab432617b564,7785408,2024-07-11 23:26:19,orphaned
7e74e486-a63b-45e5-78f0-d639295b39ef,7776705,2025-04-02 11:54:40,orphaned
e580fe7f-c9c0-4ee0-5241-56976a420edb,7776591,2025-03-24 18:28:57,orphaned
58fc6838-1d9d-4f01-4598-22c15fd1cfbd,7768293,2026-01-12 18:32:34,orphaned
5b4847d1-d5c2-447c-7b7d-2701eca05402,7742570,2024-07-11 23:13:23,orphaned
dc039610-091f-478e-6a5e-b6ef71128c6c,7614987,2025-03-12 20:30:47,orphaned
f9854667-3c71-4b28-5052-def22c987167,7614970,2025-04-02 14:24:52,orphaned
489c9757-577c-4ecf-6a6a-52bc3f98ee22,7614891,2025-03-12 20:24:21,orphaned
66e3c3cd-3219-4385-5aa2-611a68d25b62,7533382,2024-07-11 23:13:29,orphaned
71420670-18d0-4985-6fe4-296f016ba996,7533382,2024-07-11 23:13:36,orphaned
f803bcb7-d16d-41f7-6de7-ca97b2a8bc3c,7533382,2024-07-11 23:26:16,orphaned
6f5ad490-a9c4-4094-5bf5-008466e61c6a,7533077,2024-07-11 23:13:34,orphaned
92b13d63-5335-4b6d-60df-b7ce76f51b64,7423942,2024-07-11 23:13:58,orphaned
c11a4c7b-eab5-47dd-66df-c771df33dc67,7422995,2024-07-11 23:18:31,orphaned
24844275-46cc-4423-7cd7-e64d3056c096,7422946,2024-07-11 23:12:38,orphaned
37d5f451-3174-48c7-7bf6-c763382c3509,7422946,2024-07-11 23:13:06,orphaned
983feaee-9529-40ab-6e92-f45b29240e08,7346538,2024-11-07 17:12:20,orphaned
4bb530ee-3176-4fbc-6e45-3a46fe024e93,7344972,2024-09-24 19:22:13,orphaned
a43ddb23-bab5-4f94-796a-545714bf0eaf,7344972,2024-09-24 21:28:13,orphaned
ccb58335-fdf1-49c3-68d2-06057867ccd1,7344972,2024-09-23 17:46:55,orphaned
0fe37ab3-2ec4-4ec6-6fc5-868b71230d18,7228028,2024-07-11 23:12:27,orphaned
ddce1187-e5e9-4b00-4678-e884b941da86,7228014,2024-07-11 23:20:17,orphaned
f86c11c4-c1d5-4985-77f4-6397b1934d09,7227979,2024-07-11 23:26:16,orphaned
e7d17e93-5e82-4aad-b79f-db3a2b5ad97c,6596156,2024-07-11 23:26:04,orphaned
c04a3e99-76ca-49b3-8b02-d305e952666b,6591275,2024-07-11 23:18:29,orphaned
537d949e-3d97-44cc-91b0-2e89fee91b7f,6505284,2024-07-11 23:13:20,orphaned
3dba2e5b-bf6c-49e9-862e-74dab99cddb4,6428633,2024-07-11 23:13:10,orphaned
bc40a82d-be26-419a-b09b-5e703c109551,6424460,2024-07-11 23:15:46,orphaned
e8c2ef76-9e92-4641-9571-c73acc6c071b,6341270,2024-07-11 23:26:04,orphaned
21b5518b-b09f-4842-7cff-ba155128d213,6340271,2025-04-02 14:47:51,orphaned
1e6d92d0-8e49-4dd7-4ac8-4d83389dd956,6340220,2025-03-08 17:35:35,orphaned
3da07614-f76e-42d4-79ad-114e4793341d,6339106,2025-02-28 01:11:54,orphaned
9cf730ea-1cb1-4567-4da6-1a089bc3ff63,6339027,2025-02-28 20:14:53,orphaned
dba1c799-0b46-4faf-63fb-d8c11acc7f25,6338969,2025-03-01 13:46:06,orphaned
e445ea46-3400-4d00-4ac4-781c32649f4e,6163979,2025-04-02 09:55:22,orphaned
23d9ef49-0a85-467d-76e9-90bd823cf73f,6163793,2025-03-26 23:40:36,orphaned
0763e409-242c-40db-5062-4bcc9d9c09b5,5998954,2026-01-12 13:38:11,orphaned
dc38c912-28fd-4966-4669-a209ebc836b3,5963292,2025-03-24 22:04:12,orphaned
4ac46433-bd11-47e5-726b-dc050668b46e,5963235,2025-04-02 08:29:46,orphaned
887d17b5-f556-4469-787d-369a5edbb759,5926774,2025-03-12 04:18:42,orphaned
857cf37b-13d8-477a-6075-f8b8f778dc61,5926685,2025-03-12 06:56:51,orphaned
7ffb5e9d-d294-4a29-7b9e-382746470103,5926630,2025-04-02 11:22:30,orphaned
6f1cc35a-759c-4a73-64ea-1b62fa806f4b,5887279,2025-04-02 09:55:22,orphaned
21850d22-b582-4e4c-6732-85f28392be36,5887237,2025-03-26 23:40:36,orphaned
37cd83e4-2656-41e2-7db8-cce4ecb4e492,5883991,2025-04-21 20:25:32,orphaned
b0ac5028-a1e9-4bcc-5b02-34afee31c1a9,5881921,2025-04-12 16:54:39,orphaned
c30d7a70-bfe3-4ddb-7cbc-f7ef6687cd37,5881859,2025-04-05 16:52:05,orphaned
1d9d0e76-52c3-4fc2-7aea-356f96103bba,5881848,2025-04-19 16:51:45,orphaned
e041d790-823c-443a-50d6-1b284dd77db5,5881843,2025-03-29 15:51:54,orphaned
d0a6bab8-d1cd-434d-79f4-589cfe0f2da3,5716314,2024-07-11 23:19:47,orphaned
0a27db70-7891-414b-4390-4c8fd3c3c8c8,5711765,2024-07-11 23:12:25,orphaned
29cb4716-c711-44a8-7005-7eb2297f7b02,5711765,2024-07-11 23:12:41,orphaned
34e1f92b-e1fe-4248-4635-590805d85e5c,5711765,2024-07-11 23:13:05,orphaned
778cd62c-f8c6-48a8-7799-e709ad30d4bb,5711765,2024-07-11 23:13:39,orphaned
fe9999dd-d459-47e8-71c4-b9317bc97703,5711765,2024-07-11 23:26:20,orphaned
533d74ba-1743-4c82-50ff-b3ef63e5eed5,5711762,2024-07-11 23:13:20,orphaned
67512f5a-fd73-4dca-50e7-373b1d6e8c65,5711762,2024-07-11 23:13:30,orphaned
7cf5d2e1-dad6-44a7-4aee-58894c64750b,5711762,2024-07-11 23:13:42,orphaned
b565f504-90c4-4bac-614f-d2edbb736604,5711762,2024-07-11 23:15:24,orphaned
c2527eb9-01f6-4777-5525-862a0697f142,5711762,2024-07-11 23:18:36,orphaned
1816776d-6e07-46a5-5e61-4993a5dde5d3,5653160,2025-04-02 11:22:30,orphaned
1c03f6ee-5f6f-4335-4600-b13b04490f41,5653119,2025-03-12 04:18:42,orphaned
c680eef6-f6df-49bd-5bb2-e37d03c96839,5653119,2025-03-12 06:56:51,orphaned
0d0e5393-5d34-4933-6203-a2741113fe40,5607098,2025-03-08 18:13:32,orphaned
976cff64-85ea-460b-5417-33610fa2db36,5607096,2025-03-01 15:52:16,orphaned
c4b90ef9-b70d-4267-7049-aa3383c0c3dd,5607096,2025-04-21 20:25:32,orphaned
c4fcce74-11c9-4c97-473f-7ee421e42f1c,5607096,2025-02-27 00:49:24,orphaned
47891c13-5e1e-451c-4d6e-523d2dd115f8,5607088,2025-02-27 00:52:23,orphaned
7e674bee-18e4-43c7-6359-729248075f09,5607043,2025-02-27 20:31:15,orphaned
a2f2c3a0-7d8f-453d-4d47-ad1f24931dfd,5607043,2025-04-12 16:54:39,orphaned
03b4b05f-39ef-48af-6ae7-a5e988b215c0,5607041,2025-04-05 16:52:05,orphaned
75460649-2766-4184-68d5-6f95197af513,5607041,2025-03-29 15:51:54,orphaned
999d5179-8baa-4e86-479e-e3bb86c6d565,5607040,2025-02-27 07:33:56,orphaned
3596b723-8c17-466d-657c-3be30fa7d751,5607037,2025-04-19 16:51:45,orphaned
12028389-224c-43a0-6fd7-54e6f9f837f0,5495136,2024-07-11 23:12:28,orphaned
d3fdb2e1-9a3a-4fa3-5f81-cd05ca2d720b,5495136,2024-07-11 23:19:59,orphaned
2d07f51b-47bb-4f3e-7af1-818b0e0b26cb,5495131,2024-07-11 23:13:00,orphaned
7aaa2d37-eeea-4dd5-42fb-cdfaf6ec0f1f,5454064,2024-07-11 23:13:41,orphaned
d4ef2edd-43a7-4287-4ab0-0d17f948264e,5454063,2024-07-11 23:20:01,orphaned
890a3247-c29e-4a2e-4100-20527fe8d601,5454061,2024-07-11 23:13:47,orphaned
f08d6179-c27d-4333-4a0e-69ab0e0f01c1,5454061,2024-07-11 23:26:12,orphaned
791466f0-7b88-4280-5f76-beee72d7d232,5415113,2024-07-11 23:13:40,orphaned
700e3acd-92c4-42cc-4dc1-360aecd1737b,5415101,2024-07-11 23:13:35,orphaned
63579ece-4dc8-405b-5f11-e791bbc00fbd,5410554,2024-07-11 23:13:28,orphaned
3c668fe1-e963-495a-625d-b08dd2d2dc58,5404708,2024-07-11 23:13:09,orphaned
1b39411b-6436-4db1-4463-90ba50fbb1f3,5404679,2024-07-11 23:12:33,orphaned
06a8d6bd-02a7-4db6-608e-3c13b923fce5,5404676,2024-07-11 23:12:23,orphaned
0fec5462-141a-4a46-68ab-8735bd1c389f,5404658,2024-07-11 23:12:28,orphaned
472c1b67-df70-43b3-4497-c47261e4aadf,5404484,2024-07-11 23:13:14,orphaned
e7f39aa5-cc45-4d84-536f-f102f86169f4,5400863,2024-07-11 23:26:04,orphaned
2029bb6c-2573-4867-5cae-d2c51417a5cb,5400860,2024-07-11 23:12:36,orphaned
cdccfe48-f423-4f33-4830-b86f7ad6d255,5400857,2024-07-11 23:19:14,orphaned
5c4cec78-5d52-42f6-89f1-d853a4fc03ca,5355237,2024-07-11 23:13:24,orphaned
1f581544-899c-460d-6e06-321a2d4c7136,5344092,2024-07-11 23:12:36,orphaned
630df40b-a208-4b96-487f-5d1e15667395,5344092,2024-07-11 23:13:28,orphaned
6a988582-7e4d-44d7-5163-8bcbbeb04124,5344092,2024-07-11 23:13:32,orphaned
c4145fc6-ddbc-493a-4caa-209a480bcf74,5344092,2024-07-11 23:18:41,orphaned
e07afae4-7891-49fb-72c2-261dab67c23f,5344092,2024-07-11 23:26:00,orphaned
14283e6c-33d3-46bc-7e6d-571cddfaf24f,5344089,2024-07-11 23:12:29,orphaned
3adda67a-0406-44e6-5fa8-58ca341c32e0,5344089,2024-07-11 23:13:08,orphaned
b15ff05b-ef08-4822-6667-d0bcd5bae445,5344089,2024-07-11 23:15:13,orphaned
bdea4096-d7a5-4df2-7e6d-5baead410f5b,5344089,2024-07-11 23:15:51,orphaned
f913ab9d-d083-4507-73ed-cd052b29a889,5344089,2024-07-11 23:26:17,orphaned
8f854af0-0d43-4939-5545-7c35fb405e0e,5304197,2025-02-27 00:52:22,orphaned
cdeda589-cccc-4255-4060-e24e70007ea5,5304196,2025-02-27 07:33:54,orphaned
fcf2519b-4a72-4431-601a-f5dffe2969b4,5304195,2025-02-27 00:19:43,orphaned
960650e3-a731-4ea4-46fd-f95de1a41b25,5304194,2025-02-27 00:47:00,orphaned
5c8047a8-cec3-449a-4c86-cebe8ef04c1f,5304184,2025-02-27 00:49:21,orphaned
ff7607f0-2185-414b-78c8-9e94b24d0c8e,5296821,2025-02-27 00:49:24,orphaned
7783adbe-038c-4f39-6e10-59c5cdbb0204,5296790,2025-03-01 15:52:16,orphaned
83ae1f67-7081-4b71-5c7b-29dd8a4a54ff,5296765,2025-02-27 20:31:15,orphaned
7b42d453-07b7-4220-739f-0be6e4e2d366,5296751,2025-03-08 18:13:32,orphaned
a957526b-8001-4f41-79b5-c4225e07ba5e,5296749,2025-02-27 00:52:23,orphaned
6df91800-54f5-47b3-6a4d-be4d72aa9237,5296718,2025-02-27 07:33:56,orphaned
5082f03b-f52c-4b04-483f-57b6d6362e69,5199092,2024-07-11 23:13:18,orphaned
f577b6e3-0e84-4366-5358-d3e95ceb640e,5199092,2024-07-11 23:26:15,orphaned
6c5ea0df-14a9-47ab-4eda-f7c374738ef4,5188714,2024-07-11 23:13:33,orphaned
5eec8f87-cbd8-49af-43e2-06cb35d0248d,5188647,2024-07-11 23:13:26,orphaned
aaf6fd85-30ee-4822-472a-bb8234b50de4,5188586,2024-07-11 23:14:58,orphaned
3bec5957-45df-4024-53f3-03d9badfd323,5058264,2025-03-25 06:53:00,orphaned
f6718e70-7904-4fb1-49ef-4fe161be3a80,5058115,2025-04-02 14:46:07,orphaned
d63476e3-9fa0-4dcb-980d-ebcf68a37b1f,4882924,2024-07-11 23:20:05,orphaned
311bef63-e938-4f46-408c-df72ac6d788a,4771206,2025-03-25 19:16:34,orphaned
cfc73ac5-740f-49bb-4e72-7de368c7b45b,4771109,2025-04-02 10:02:06,orphaned
67082d67-4582-450f-8ca2-bdc16d908de8,4765414,2024-07-11 23:13:30,orphaned
e8497c77-3b2b-43cb-79ea-637a228407a4,4585127,2024-07-11 23:26:04,orphaned
72d32e0b-092f-4fcc-6a02-28c20f6246b9,4575282,2024-07-11 23:13:37,orphaned
76d0f6bf-5384-41b5-55c7-3a8db16890a7,4575282,2024-07-11 23:13:39,orphaned
9591efc5-f0ab-4a33-4719-46480780d3eb,4575282,2024-07-11 23:14:07,orphaned
3c780b4c-0e6e-4575-67fb-64334cf416ea,4575132,2024-07-11 23:13:09,orphaned
134e8368-0640-4b65-7b97-8bac9e3c3466,4499791,2024-07-11 23:12:29,orphaned
6e71aea3-f3c3-422f-4039-f7a8aae67417,4499791,2024-07-11 23:13:34,orphaned
9c56b28a-8141-461a-72e9-25adc60ac687,4499791,2024-07-11 23:14:31,orphaned
e5e49ef6-4577-40f0-6765-d144c22c4f20,4499791,2024-07-11 23:26:03,orphaned
f2076bd5-7ada-439a-44a9-32348dd69469,4499791,2024-07-11 23:26:13,orphaned
f48a026a-dff4-40a0-737b-0e4ddabf2473,4499791,2024-07-11 23:26:14,orphaned
144777a1-2695-49ec-5e3c-1a012d13e367,4499764,2024-07-11 23:12:30,orphaned
1a2819c2-5479-4a3f-4531-23a012b943c2,4499764,2024-07-11 23:12:33,orphaned
2b21fbb4-53c3-494f-44e8-2f723fd1241f,4499764,2024-07-11 23:12:59,orphaned
3350fd7b-4f53-449c-51bd-2f7f21d16ed7,4499764,2024-07-11 23:13:04,orphaned
814dba0d-2db1-4ac7-416b-dff9cb20024f,4499764,2024-07-11 23:13:44,orphaned
878dbd94-15f3-41ed-4420-bdc56956a2cc,4499764,2024-07-11 23:13:47,orphaned
6148b862-184c-42c4-6258-045a349a1ddd,4384443,2024-07-11 23:13:27,orphaned
95f59c80-483b-4b2d-5315-ee9c7321a54b,4384442,2024-07-11 23:14:08,orphaned
510c0f58-39de-460e-4f6e-de29345e5681,4384441,2024-07-11 23:13:19,orphaned
f8e68b6f-93cf-4240-4195-f1f7b43ab642,4384441,2024-07-11 23:26:17,orphaned
6ffb8407-973c-4ebb-67f4-97932520a9a8,4271974,2024-07-11 23:13:34,orphaned
cf80f40d-0dfe-4701-4666-e85d0c1e4f92,4271974,2024-07-11 23:19:20,orphaned
50351b6c-43c0-4b28-7851-829ef927918a,4265568,2024-07-11 23:13:18,orphaned
98f3b76d-0715-4928-64b0-c8612a30f4c5,4265567,2024-07-11 23:14:20,orphaned
16e37619-b948-4858-6dbd-2968a276463b,3882073,2024-07-11 23:12:31,orphaned
a07ca96f-3da0-488b-7636-43f79c995849,3882073,2024-07-11 23:14:39,orphaned
27073c86-f058-4921-44ea-ad6eade4fcc5,3881867,2024-07-11 23:12:40,orphaned
e6119f6c-49c8-4353-4f32-42e96155adb3,3881867,2024-07-11 23:26:03,orphaned
04372eaf-c65f-407d-665c-23a787ada7ed,3817837,2024-07-11 23:12:21,orphaned
6ca3b85c-5541-41bf-633e-6e8febc9e394,3817837,2024-07-11 23:13:33,orphaned
4766a0fb-9a43-47b4-6639-4b2ac5162490,3693498,2024-07-11 23:13:14,orphaned
b299de81-16d4-49b3-7df8-87e22fcc4d8d,3693498,2024-07-11 23:15:16,orphaned
8edab6ce-ec6f-49ea-7580-97d6c0b6d270,3624458,2024-07-11 23:13:50,orphaned
f8588636-5992-4372-5e8a-bc3528216a38,3624458,2024-07-11 23:26:16,orphaned
64a151b7-dea1-4f4c-6716-d63076404215,3624455,2024-07-11 23:13:29,orphaned
3b60dabe-1c65-4334-4eb1-25455e145123,3624449,2024-07-11 23:13:08,orphaned
4b096470-20b4-4371-4b8e-a622c8b28e80,3624395,2024-07-11 23:13:15,orphaned
5894ebed-a8ce-4c77-615b-7bfeb93614f0,3624395,2024-07-11 23:13:22,orphaned
89af6902-545b-4b8c-7944-10991c5901d4,3624395,2024-07-11 23:13:48,orphaned
9b5e8297-3a04-4e5b-696c-840ed5ea3074,3624395,2024-07-11 23:14:29,orphaned
ac4cd8c1-5ce6-443b-55b2-bd95473b66b2,3624395,2024-07-11 23:15:02,orphaned
fd9d660d-a66f-42f1-4121-fb54c95e3a5c,3624395,2024-07-11 23:26:20,orphaned
731a7e5f-2279-43c7-7dae-e3a5ea15d758,3624392,2024-07-11 23:13:37,orphaned
7e1a34eb-641a-447d-6834-eaf06a24905e,3624392,2024-07-11 23:13:43,orphaned
a6131b50-a59d-4b88-4541-01cbf4a9ae85,3624392,2024-07-11 23:14:48,orphaned
1d2a4199-6ae0-473e-6759-3378309dc5b0,3624391,2024-07-11 23:12:35,orphaned
66ff4bbd-c5b6-48af-463f-a14175e7a686,3624391,2024-07-11 23:13:30,orphaned
b09a78c4-b5b3-47fe-4911-1b23c2aaaff8,3624391,2024-07-11 23:15:11,orphaned
8766157b-2cd1-44f4-70e6-f002429a2d57,3624388,2024-07-11 23:13:46,orphaned
50d40f1b-d1fe-4aac-79ab-9c1cc461ee3b,3614413,2024-07-11 23:13:18,orphaned
763cc56c-dc71-4eba-67b1-ce343d6ed920,3614407,2024-07-11 23:13:39,orphaned
9906eced-e960-4913-60ee-1defb25dfdf6,3614399,2024-07-11 23:14:21,orphaned
f0805951-155d-4762-4fa2-9c4502e64245,3614396,2024-07-11 23:26:12,orphaned
1f234645-8046-44ce-5ff3-e511bd960010,3614356,2024-07-11 23:12:36,orphaned
6165ad2e-8cc4-4044-6949-77f55fe77dbf,3614339,2024-07-11 23:13:27,orphaned
63559279-3115-45fa-6812-d4dbc0c59573,3614339,2024-07-11 23:13:28,orphaned
7ca714dd-2d11-411a-4f66-e7f08c98f9f1,3614332,2024-07-11 23:13:42,orphaned
a5a651e8-4112-4ed6-619d-2f4d860f016f,3614332,2024-07-11 23:14:47,orphaned
05cb6608-2f83-4330-9bc4-285571302822,3280347,2024-07-11 23:12:22,orphaned
838496e6-c0d2-4752-a863-1da2ac6aa96f,3280347,2024-07-11 23:13:45,orphaned
c657ca06-641e-44d4-962b-fccae1fa4dc9,3280347,2024-07-11 23:18:48,orphaned
2bad7cd0-9090-4060-9205-daee72ddec9d,2738644,2024-07-11 23:12:59,orphaned
5ab7b2f3-4666-4f4b-8f3a-d1ba790477eb,2732127,2024-07-11 23:13:23,orphaned
0fc44b48-96ab-4cc4-a22e-52f93426ca1d,2729772,2024-07-11 23:12:27,orphaned
06ef75d0-8488-40d4-9a20-9ff8bcf4dadb,2729706,2024-07-11 23:12:23,orphaned
3c29a682-e21f-4052-9c06-f2c886d04d55,2723421,2024-07-11 23:13:08,orphaned
bb9665c6-c5d9-4c6a-8c85-84e07b56f699,2721096,2024-07-11 23:15:43,orphaned
744ff945-50d6-40bc-aafd-83efa9111336,2713420,2024-07-11 23:13:37,orphaned
439b022a-edfd-4d9f-87a4-1aaa6086fe4c,2706266,2024-07-11 23:13:12,orphaned
3f07a414-3aff-4d37-8eda-fc5af9d0f090,2703873,2024-07-11 23:13:10,orphaned
f6d03f03-3398-4fbc-8711-f3c9bebb88db,2702450,2024-07-11 23:26:15,orphaned
ff22b1e0-cea2-438c-8dad-50e2e2ab769e,2702450,2024-07-11 23:26:21,orphaned
bb30d22f-a683-4b3c-8fb8-9497b68df990,2696221,2024-07-11 23:15:42,orphaned
f7474d05-04c2-4f99-98d9-0e25974ec18d,2696221,2024-07-11 23:26:16,orphaned
7c3a44b8-d922-4ae9-a4dc-2427451e7f47,2695180,2024-07-11 23:13:42,orphaned
2be9c33d-ecd9-4543-b845-71bc45680abc,2695176,2024-07-11 23:13:00,orphaned
196b1f2b-c9ef-4e97-8372-a69fa4ac8fea,2337734,2024-07-11 23:12:33,orphaned
8f420bd8-dc00-4236-6075-a48518db82ed,304966,2024-07-11 23:13:50,orphaned
ef814c21-64c0-4a88-b530-481eb8ccf158,288980,2024-07-11 23:26:07,orphaned
3b12392d-f6ed-439b-affd-58df4d4c91e1,283974,2024-07-11 23:13:08,orphaned
7e996221-13da-425f-4c18-98fb419c810e,253254,2025-07-28 16:13:38,orphaned
c0cd4ece-1d00-4757-5959-24c32cda516d,253254,2025-07-28 16:16:42,orphaned
3a5c6f84-ad07-4a3a-4c9b-c35e2c166bf6,222521,2024-07-11 23:13:07,orphaned
455ced94-05f0-4e38-4d2a-e141c59ccabc,222521,2024-07-11 23:13:13,orphaned
06425b02-c2c1-4113-4363-986298112b3a,217257,2024-07-11 23:12:23,orphaned
09d95bd2-4508-4a32-7ec1-2d67fc63167c,217257,2024-07-11 23:12:25,orphaned
152adbab-cabd-444b-7485-4e8637366c47,217257,2024-07-11 23:12:30,orphaned
39d118b6-1702-4a15-6499-2a64adb5b080,217257,2024-07-11 23:13:07,orphaned
56d0fd27-38b9-4796-58d1-55941e9dbf9d,217257,2024-07-11 23:13:21,orphaned
b94985dc-3216-44e4-49f7-460be309075c,217256,2024-07-11 23:15:34,orphaned
e8f0c3fb-4bdd-408d-4bee-9f051618b548,211911,2024-07-11 23:26:04,orphaned
2a6ff24f-7727-45e4-6f7d-8e1880cd964c,194632,2024-07-11 23:12:41,orphaned
4625eb27-6f0e-4290-7112-2452cd28db22,194632,2024-07-11 23:13:13,orphaned
3bc643be-f85b-46c7-8184-c9bdabc3c31c,181236,2024-07-11 23:13:08,orphaned
2440b11b-cbfb-413b-aef0-e8263d7c1e59,177750,2024-07-11 23:12:38,orphaned
c994ac8a-7071-4350-8f94-37e078236dea,177434,2024-07-11 23:19:03,orphaned
9721223a-cee2-49ad-bd5d-545c95f133ef,177233,2024-07-11 23:14:12,orphaned
005499e1-b1ec-4fb2-b52d-2b1d511afea9,174486,2024-07-11 23:09:59,orphaned
06a75bb8-ac36-401d-be87-01b27b008fda,174486,2024-07-11 23:12:23,orphaned
232d8f96-5c7a-44de-af27-f62998b30bea,174486,2024-07-11 23:12:37,orphaned
ca8f4342-5add-4832-b342-8e6633e649ed,170303,2024-07-11 23:19:05,orphaned
a0a173ee-8f17-41a7-bd42-7ba472a1d66a,158304,2024-07-11 23:14:39,orphaned
e5fde026-7da3-4eb8-95c8-7d088c4c962f,155472,2024-07-11 23:26:03,orphaned
474cca76-1eac-4d19-b4e7-1093f10439e1,155142,2024-07-11 23:13:14,orphaned
b176a5ae-a4d1-4871-af7c-be9b4359aab6,154862,2024-07-11 23:15:13,orphaned
260d71cb-f2b6-440a-9b2e-6ef016d122c7,152707,2024-07-11 23:12:39,orphaned
debaa1e4-0ce6-479c-826a-13df9e4967b0,152707,2024-07-11 23:20:17,orphaned
f250d235-267b-4aa7-bf90-a90af8f06d34,152707,2024-07-11 23:26:13,orphaned
7a0f3e2f-bee4-4b20-b321-66b950f7957e,149737,2024-07-11 23:13:41,orphaned
6713861a-06fd-4090-92c7-2c6048e6b4fa,89612,2024-07-11 23:13:30,orphaned
8b174c15-0070-45cd-8baf-30fd58bf5bbd,88832,2024-07-11 23:13:49,orphaned
5852c411-4286-4313-8946-f91d322e36c0,85776,2024-07-11 23:13:22,orphaned
8aaaa94e-4219-44b8-84fc-d60e6317a880,83834,2024-07-11 23:13:48,orphaned
77c53e8f-b853-452e-818f-80b3c22606c8,78619,2024-07-11 23:13:40,orphaned
63822d35-b8fc-4cca-932b-634c973eb42a,78006,2024-07-11 23:13:28,orphaned
c0857c72-e175-45c8-bc5f-0fb28726ed7f,77927,2024-07-11 23:18:29,orphaned
c14572cb-a387-4738-9cca-c503d1658f61,62975,2024-07-11 23:18:32,orphaned
b3b6299d-871d-4417-a3e6-7280caccb8c8,59006,2024-07-11 23:15:20,orphaned
982db2bb-7727-4472-9f91-f2b0fe5ca14e,55014,2024-07-11 23:14:16,orphaned
1db6dd30-970d-4e26-94a4-56a3d09d678b,50843,2024-07-11 23:12:35,orphaned
71224ab5-138b-4c1d-a246-6bc76ee85a68,50284,2024-07-11 23:13:35,orphaned
e3795810-4a70-4f72-90df-e5f172f0463f,49784,2024-07-11 23:26:02,orphaned
42553bc5-3744-4075-ba65-c8ef9524917d,47985,2024-07-11 23:13:12,orphaned
dbc6a7f7-4136-4cd4-ad91-4fa0d23f9bc0,43754,2024-07-11 23:20:16,orphaned
9ba28b07-ecfe-4ceb-9fc3-00d44660967f,40912,2024-07-11 23:14:30,orphaned
66cd2c27-4b9b-41d4-9068-94864efaeb87,40479,2024-07-11 23:13:29,orphaned
2469ca58-4a9d-4ee2-943b-c57655f1aa2f,40113,2024-07-11 23:12:38,orphaned
8abeba20-09ab-4280-a124-ee3458cca5d1,38843,2024-07-11 23:13:48,orphaned
19e875e5-ad1f-459b-8db4-45c45a443528,9571,2024-07-11 23:12:33,orphaned
2ab583a3-a41b-49a2-9047-04cc3e47993b,9571,2024-07-11 23:12:41,orphaned
db96490b-2444-4257-901b-328f8cc485a1,9571,2024-07-11 23:20:16,orphaned
a19c35ff-40aa-4ce6-8943-e472f6cefa8c,8373,2024-07-11 23:14:41,orphaned
c2781c1b-2946-4407-840a-cdda22a4ccb6,8371,2024-07-11 23:18:37,orphaned
11bd4ab3-ff7a-4e6f-8241-d85ad0419648,8369,2024-07-11 23:12:28,orphaned
39774fde-5752-41db-7e13-912c09e58a9c,4266,2024-07-11 23:13:07,orphaned
299bf133-edd8-4a43-6154-28d616c9f57a,4262,2024-07-11 23:12:40,orphaned
b14518c9-b371-4e09-5de0-8e6dbef35f50,4262,2024-07-11 23:15:13,orphaned
d9d2a449-215f-40be-6f3f-0f78cac0780b,4262,2024-07-11 23:20:13,orphaned
2cf3be48-3831-4b06-b2dc-c56360612e54,4260,2024-07-11 23:13:00,orphaned
609b34ce-ca0f-4917-b205-45d4c157c943,4255,2024-07-11 23:13:27,orphaned
5027081b-ce7e-4b05-8fb9-b5e8ba7d7033,4155,2024-07-11 23:13:18,orphaned
3ecfb324-0fcc-4de3-a2bd-c69684f5320b,4138,2024-07-11 23:13:10,orphaned
4d8b5479-acdc-40fc-b63f-3e3999bbceb0,4138,2024-07-11 23:13:17,orphaned
b078fe83-052a-4854-b659-5b8957a8c897,4138,2024-07-11 23:15:11,orphaned
11a36304-5b72-45c6-b5fc-c9f5137693d1,4137,2024-07-11 23:12:28,orphaned
68472de3-1c78-453e-9308-95c57109a761,4137,2024-07-11 23:13:31,orphaned
e4b0fc5a-bc25-4255-86ce-13d4628a7123,4137,2024-07-11 23:26:02,orphaned
f7423055-a065-4863-bc46-7305fbbea98e,4137,2024-07-11 23:26:15,orphaned
246f1845-dfce-4545-b073-ef027acde685,4136,2024-07-11 23:12:38,orphaned
465ce4af-830c-419f-b38d-83baf10649a5,4136,2024-07-11 23:13:13,orphaned
5e39c221-7877-4088-a440-fb4313a2775f,4136,2024-07-11 23:13:25,orphaned
7559d4d5-fa3f-44a3-93f0-2620b6feb347,4136,2024-07-11 23:13:38,orphaned
78d1a91e-0851-4132-a432-c569c6a77fb9,4136,2024-07-11 23:13:40,orphaned
930e1d43-a553-4b1d-b8e4-0ff83ae5d36c,4136,2024-07-11 23:13:58,orphaned
93a8cce7-9828-41ea-a5e4-3baa2c449ab5,4136,2024-07-11 23:14:01,orphaned
9fdfdbe3-562e-40f6-b991-0b2563fe74b8,4136,2024-07-11 23:14:38,orphaned
bafc5d0a-19e8-4a5b-85bd-e09c7e5f8d78,4136,2024-07-11 23:15:42,orphaned
c2bde4f4-fc26-4fe5-a9b4-50ceca1cbd1c,4136,2024-07-11 23:18:38,orphaned
d305ac4b-40ad-487d-a5a4-c7ffd563ba94,4136,2024-07-11 23:19:55,orphaned
2ac2ec32-b99e-41fb-a691-3b55d123ccea,4135,2024-07-11 23:12:41,orphaned
2c57b61a-4a5f-4704-8faf-5bd964576207,4135,2024-07-11 23:13:00,orphaned
4c71aa6a-fb1c-4a98-bf1e-860cd91a10c8,4135,2024-07-11 23:13:16,orphaned
7e4424ea-fb49-4233-ab3a-78fb185e5fc3,4135,2024-07-11 23:13:43,orphaned
81be924c-3c54-405b-8280-289b4a68406b,4135,2024-07-11 23:13:44,orphaned
c6846eae-d2ef-4db4-9309-c8486dc6faa7,4135,2024-07-11 23:18:49,orphaned
9c82f539-7c03-4794-ae9a-c8640a58807c,4134,2024-07-11 23:14:31,orphaned
a7893ecc-b9aa-4624-af4b-3ab96afc27f9,4134,2024-07-11 23:14:51,orphaned
40b0d6d3-6966-4847-b50f-3211b31ca6fc,4133,2024-07-11 23:13:11,orphaned
994de50d-a683-4fcb-b165-41d8e89ed1e8,4133,2024-07-11 23:14:22,orphaned
1296b9a8-c1f0-43c4-99e8-2a2bb03c0413,4131,2024-07-11 23:12:28,orphaned
0037a991-3841-4601-aa70-0d7f61cbf1c2,1141,2024-07-11 23:09:59,orphaned
8417bea8-42e4-470c-4393-6d445913a9fc,260,2024-07-11 23:13:45,orphaned
4294a2d3-5704-4c38-a470-747c0d5ebc7d,253,2024-07-11 23:13:12,orphaned
6d844e9f-14ef-4741-6185-bd5546c6c938,253,2024-07-11 23:13:33,orphaned
48f3aeee-6e1b-4c2e-4728-65f1611e24b3,250,2024-07-11 23:13:14,orphaned
881b0930-7e7b-4636-7aac-009b06d2a81d,249,2024-07-11 23:13:47,orphaned
d59d4a21-3cdc-4af0-5f62-f7dbc64818aa,249,2024-07-11 23:20:03,orphaned
1eae5f31-f08e-4603-5797-f9914d515664,248,2024-07-11 23:12:36,orphaned
5ccb0bd3-13e3-494c-6e34-356e1af46917,248,2024-07-11 23:13:24,orphaned
9d41d678-010a-482c-b5d0-9a42c697d33e,246,2024-07-11 23:14:33,orphaned
a7658cdf-772d-4017-4004-921075303269,243,2024-07-11 23:14:51,orphaned
f4d39036-1c5d-4607-4725-c2e09d8a3ebf,243,2024-07-11 23:26:14,orphaned
4e3e5a91-f9c6-4293-7593-28f8285fcbca,240,2024-07-11 23:13:17,orphaned
944f0641-b8d4-48bf-9934-9c6db4ce38b7,238,2024-07-11 23:14:05,orphaned
02bd69f6-2ef7-4895-b7f4-b7d105731dd2,235,2024-07-11 23:12:21,orphaned
d7185848-d21c-4beb-ad10-140d8085ff17,234,2024-07-11 23:20:08,orphaned
75a03c42-ec86-477c-9b0e-49652cd515e7,230,2024-07-11 23:13:38,orphaned
18a5eb80-64ac-4cd3-8de0-e57650e78121,228,2024-07-11 23:12:32,orphaned
7184ea97-31ca-4af5-be98-152a76033152,227,2024-07-11 23:13:36,orphaned
d4ede7e2-d003-4053-ab6d-eec88008b334,227,2024-07-11 23:20:01,orphaned
241e4f51-4175-4812-beb3-d6c4a8be7145,226,2024-07-11 23:12:38,orphaned
33a210f1-107d-4b1f-8192-93f0b74c817c,226,2024-07-11 23:13:04,orphaned
38bc89e4-7eb0-4e81-95fc-867f1afc9471,226,2024-07-11 23:13:07,orphaned
a74d8542-f450-4915-9a14-20489a7ae415,226,2024-07-11 23:14:51,orphaned
d58c5c2c-9ee0-40ac-af68-153f74a82228,226,2024-07-11 23:20:03,orphaned
dd7a0861-8b2b-4777-b64d-6920b7bbaef1,226,2024-07-11 23:20:16,orphaned
df8da943-3caf-40b3-a223-ae127bb028e7,226,2024-07-11 23:26:00,orphaned
0593eca8-e70e-40fd-ab1b-98a52e2c8549,225,2024-07-11 23:12:22,orphaned
25761cec-4362-4f0c-8ec9-28e9a4b9b77f,225,2024-07-11 23:12:39,orphaned
a34a5004-a512-43ab-965b-1293726c8316,225,2024-07-11 23:14:43,orphaned
bd1144d1-1277-4059-85f8-3f7f8b183f2f,225,2024-07-11 23:15:48,orphaned
20a5e7f0-0d51-4b4d-a194-08eaafdaaaae,224,2024-07-11 23:12:36,orphaned
21052927-591d-4744-bb74-d8944f039440,224,2024-07-11 23:12:37,orphaned
8367b8e5-5d78-4d75-8818-1b8bca7800d8,224,2024-07-11 23:13:45,orphaned
8ab63df7-26f3-44d3-a3fe-a180cb325a1e,224,2024-07-11 23:13:48,orphaned
d3207b55-fc3e-4aeb-a17a-797a0fc56fd6,224,2024-07-11 23:19:56,orphaned
1151eebb-8879-40ec-9d13-7f605829d0df,223,2024-07-11 23:12:28,orphaned
1fc89795-cfbf-4c6b-aee6-17885ed30d6c,223,2024-07-11 23:12:36,orphaned
2cb3d332-98e3-474b-a305-bfb929752a46,223,2024-07-11 23:13:00,orphaned
ee7dbb0c-91e3-48f0-8798-62bb1f9d58f8,223,2024-07-11 23:26:07,orphaned
f540e2a3-bb85-42d7-9bfc-04eb2b301cfb,223,2024-07-11 23:26:15,orphaned
73c91c79-c904-4b05-a339-47ad42458aca,222,2024-07-11 23:13:37,orphaned
919ec96b-4ca8-4915-add6-8f996d766739,222,2024-07-11 23:13:53,orphaned
df2e7de8-bed8-4020-a4de-cbe987036e75,222,2024-07-11 23:25:59,orphaned
e86dce87-0f3e-4d83-aa62-8e208ecf691f,222,2024-07-11 23:26:04,orphaned
12f2e2f0-5379-4731-aaf8-00b8f67e2cfc,221,2024-07-11 23:12:29,orphaned
6547593f-64ab-4c05-afbc-c233e9d67e87,221,2024-07-11 23:13:29,orphaned
943f5f1f-ec2d-4d58-8624-90628655fa30,221,2024-07-11 23:14:04,orphaned
c47c7e94-a4e3-47e8-a450-68ab8115feb7,221,2024-07-11 23:18:43,orphaned
82235579-4bb4-4cae-a483-e5525a88c483,218,2024-07-11 23:13:44,orphaned
